Date,Time,Scheduled,Next1,Next2,Next3,Next4
1/28/2009,14:15,1,3/18/2009,4/29/2009,6/24/2009,8/12/2009
3/18/2009,14:15,1,4/29/2009,6/24/2009,8/12/2009,9/23/2009
4/29/2009,14:15,1,6/24/2009,8/12/2009,9/23/2009,11/4/2009
6/24/2009,14:15,1,8/12/2009,9/23/2009,11/4/2009,12/16/2009
8/12/2009,14:15,1,9/23/2009,11/4/2009,12/16/2009,1/27/2010
9/23/2009,14:15,1,11/4/2009,12/16/2009,1/27/2010,3/16/2010
11/4/2009,14:15,1,12/16/2009,1/27/2010,3/16/2010,4/28/2010
12/16/2009,14:15,1,1/27/2010,3/16/2010,4/28/2010,6/23/2010
1/27/2010,14:15,1,3/16/2010,4/28/2010,6/23/2010,8/10/2010
3/16/2010,14:15,1,4/28/2010,6/23/2010,8/10/2010,9/21/2010
4/28/2010,14:15,1,6/23/2010,8/10/2010,9/21/2010,11/3/2010
5/9/2010,21:15,0,6/23/2010,8/10/2010,9/21/2010,11/3/2010
6/23/2010,14:15,1,8/10/2010,9/21/2010,11/3/2010,12/14/2010
8/10/2010,14:15,1,9/21/2010,11/3/2010,12/14/2010,1/26/2011
9/21/2010,14:15,1,11/3/2010,12/14/2010,1/26/2011,3/15/2011
11/3/2010,14:15,1,12/14/2010,1/26/2011,3/15/2011,4/27/2011
12/14/2010,14:15,1,1/26/2011,3/15/2011,4/27/2011,6/22/2011
1/26/2011,14:15,1,3/15/2011,4/27/2011,6/22/2011,8/9/2011
3/15/2011,14:15,1,4/27/2011,6/22/2011,8/9/2011,9/21/2011
4/27/2011,12:30,1,6/22/2011,8/9/2011,9/21/2011,11/2/2011
6/22/2011,12:30,1,8/9/2011,9/21/2011,11/2/2011,12/13/2011
8/9/2011,14:15,1,9/21/2011,11/2/2011,12/13/2011,1/25/2012
9/21/2011,14:15,1,11/2/2011,12/13/2011,1/25/2012,3/13/2012
11/2/2011,12:30,1,12/13/2011,1/25/2012,3/13/2012,4/25/2012
12/13/2011,14:15,1,1/25/2012,3/13/2012,4/25/2012,6/20/2012
1/25/2012,12:30,1,3/13/2012,4/25/2012,6/20/2012,8/1/2012
3/13/2012,14:15,1,4/25/2012,6/20/2012,8/1/2012,9/13/2012
4/25/2012,12:30,1,6/20/2012,8/1/2012,9/13/2012,10/24/2012
6/20/2012,12:30,1,8/1/2012,9/13/2012,10/24/2012,12/12/2012
8/1/2012,14:15,1,9/13/2012,10/24/2012,12/12/2012,1/30/2013
9/13/2012,12:30,1,10/24/2012,12/12/2012,1/30/2013,3/20/2013
10/24/2012,14:15,1,12/12/2012,1/30/2013,3/20/2013,5/1/2013
12/12/2012,12:30,1,1/30/2013,3/20/2013,5/1/2013,6/19/2013
1/30/2013,14:15,1,3/20/2013,5/1/2013,6/19/2013,7/31/2013
3/20/2013,14:00,1,5/1/2013,6/19/2013,7/31/2013,9/18/2013
5/1/2013,14:00,1,6/19/2013,7/31/2013,9/18/2013,10/30/2013
6/19/2013,14:00,1,7/31/2013,9/18/2013,10/30/2013,12/18/2013
7/31/2013,14:00,1,9/18/2013,10/30/2013,12/18/2013,1/29/2014
9/18/2013,14:00,1,10/30/2013,12/18/2013,1/29/2014,3/19/2014
10/30/2013,14:00,1,12/18/2013,1/29/2014,3/19/2014,4/30/2014
12/18/2013,14:00,1,1/29/2014,3/19/2014,4/30/2014,6/18/2014
1/29/2014,14:00,1,3/19/2014,4/30/2014,6/18/2014,7/30/2014
3/19/2014,14:00,1,4/30/2014,6/18/2014,7/30/2014,9/17/2014
4/30/2014,14:00,1,6/18/2014,7/30/2014,9/17/2014,10/29/2014
6/18/2014,14:00,1,7/30/2014,9/17/2014,10/29/2014,12/17/2014
7/30/2014,14:00,1,9/17/2014,10/29/2014,12/17/2014,1/28/2015
9/17/2014,14:00,1,10/29/2014,12/17/2014,1/28/2015,3/18/2015
10/29/2014,14:00,1,12/17/2014,1/28/2015,3/18/2015,4/29/2015
12/17/2014,14:00,1,1/28/2015,3/18/2015,4/29/2015,6/17/2015
1/28/2015,14:00,1,3/18/2015,4/29/2015,6/17/2015,7/29/2015
3/18/2015,14:00,1,4/29/2015,6/17/2015,7/29/2015,9/17/2015
4/29/2015,14:00,1,6/17/2015,7/29/2015,9/17/2015,10/28/2015
6/17/2015,14:00,1,7/29/2015,9/17/2015,10/28/2015,12/16/2015
7/29/2015,14:00,1,9/17/2015,10/28/2015,12/16/2015,1/27/2016
9/17/2015,14:00,1,10/28/2015,12/16/2015,1/27/2016,3/16/2016
10/28/2015,14:00,1,12/16/2015,1/27/2016,3/16/2016,4/27/2016
12/16/2015,14:00,1,1/27/2016,3/16/2016,4/27/2016,6/15/2016
1/27/2016,14:00,1,3/16/2016,4/27/2016,6/15/2016,7/27/2016
3/16/2016,14:00,1,4/27/2016,6/15/2016,7/27/2016,9/21/2016
4/27/2016,14:00,1,6/15/2016,7/27/2016,9/21/2016,11/2/2016
6/15/2016,14:00,1,7/27/2016,9/21/2016,11/2/2016,12/14/2016
7/27/2016,14:00,1,9/21/2016,11/2/2016,12/14/2016,2/1/2017
9/21/2016,14:00,1,11/2/2016,12/14/2016,2/1/2017,3/15/2017
11/2/2016,14:00,1,12/14/2016,2/1/2017,3/15/2017,5/3/2017
12/14/2016,14:00,1,2/1/2017,3/15/2017,5/3/2017,6/14/2017
2/1/2017,14:00,1,3/15/2017,5/3/2017,6/14/2017,7/26/2017
3/15/2017,14:00,1,5/3/2017,6/14/2017,7/26/2017,9/20/2017
5/3/2017,14:00,1,6/14/2017,7/26/2017,9/20/2017,11/1/2017
6/14/2017,14:00,1,7/26/2017,9/20/2017,11/1/2017,12/13/2017
7/26/2017,14:00,1,9/20/2017,11/1/2017,12/13/2017,1/31/2018
9/20/2017,14:00,1,11/1/2017,12/13/2017,1/31/2018,3/21/2018
11/1/2017,14:00,1,12/13/2017,1/31/2018,3/21/2018,5/2/2018
12/13/2017,14:00,1,1/31/2018,3/21/2018,5/2/2018,6/13/2018
1/31/2018,14:00,1,3/21/2018,5/2/2018,6/13/2018,8/1/2018
3/21/2018,14:00,1,5/2/2018,6/13/2018,8/1/2018,9/26/2018
5/2/2018,14:00,1,6/13/2018,8/1/2018,9/26/2018,11/8/2018
6/13/2018,14:00,1,8/1/2018,9/26/2018,11/8/2018,12/19/2018
8/1/2018,14:00,1,9/26/2018,11/8/2018,12/19/2018,1/30/2019
9/26/2018,14:00,1,11/8/2018,12/19/2018,1/30/2019,3/20/2019
11/8/2018,14:00,1,12/19/2018,1/30/2019,3/20/2019,5/1/2019
12/19/2018,14:00,1,1/30/2019,3/20/2019,5/1/2019,6/19/2019
1/30/2019,14:00,1,3/20/2019,5/1/2019,6/19/2019,7/31/2019
3/20/2019,14:00,1,5/1/2019,6/19/2019,7/31/2019,9/18/2019
5/1/2019,14:00,1,6/19/2019,7/31/2019,9/18/2019,10/30/2019
6/19/2019,14:00,1,7/31/2019,9/18/2019,10/30/2019,12/11/2019
7/31/2019,14:00,1,9/18/2019,10/30/2019,12/11/2019,1/29/2020
9/18/2019,14:00,1,10/30/2019,12/11/2019,1/29/2020,3/18/2020
10/11/2019,11:00,0,10/30/2019,12/11/2019,1/29/2020,3/18/2020
10/30/2019,14:00,1,12/11/2019,1/29/2020,3/18/2020,4/29/2020
12/11/2019,14:00,1,1/29/2020,3/18/2020,4/29/2020,6/10/2020
1/29/2020,14:00,1,3/18/2020,4/29/2020,6/10/2020,7/29/2020